order_id,customer_id,store_id,payment_method,order_date
1001,1,1,Card,2024-05-01
1002,2,2,Cash,2024-05-01
1003,3,1,Card,2024-05-02
1004,1,1,Card,2024-05-03
1005,4,3,Voucher,2024-05-04
1006,5,2,Cash,2024-05-05
1007,6,1,Card,2024-05-06
1008,2,2,Card,2024-05-07
1009,7,3,Cash,2024-05-08
1010,8,1,Card,2024-05-08
1011,3,2,Cash,2024-05-09
1012,1,1,Card,2024-05-10
1013,4,3,Voucher,2024-05-11
1014,5,1,Card,2024-05-12
1015,6,2,Cash,2024-05-13
1016,7,1,Card,2024-05-14
1017,8,3,Cash,2024-05-15
1018,2,1,Card,2024-05-16
1019,3,2,Card,2024-05-17
1020,1,1,Card,2024-05-18
