item_id,order_id,product_id,quantity,unit_price
1,1001,1,3,1.20
2,1001,3,1,2.50
3,1002,2,5,0.80
4,1002,4,2,1.50
5,1003,6,1,2.20
6,1003,5,1,4.00
7,1004,1,4,1.20
8,1004,7,1,3.10
9,1005,4,3,1.50
10,1005,8,1,2.80
11,1006,2,6,0.80
12,1006,3,2,2.50
13,1007,1,2,1.20
14,1007,6,1,2.20
15,1008,5,1,4.00
16,1008,4,2,1.50
17,1009,3,1,2.50
18,1009,2,4,0.80
19,1010,7,2,3.10
20,1010,8,1,2.80
21,1011,1,5,1.20
22,1011,6,2,2.20
23,1012,3,1,2.50
24,1012,5,1,4.00
25,1013,4,3,1.50
26,1013,2,3,0.80
27,1014,7,1,3.10
28,1014,1,2,1.20
29,1015,8,1,2.80
30,1015,6,1,2.20
31,1016,3,2,2.50
32,1016,4,1,1.50
33,1017,5,1,4.00
34,1017,2,5,0.80
35,1018,1,3,1.20
36,1018,7,1,3.10
37,1019,6,1,2.20
38,1019,3,1,2.50
39,1020,4,2,1.50
40,1020,8,1,2.80
